iteration,roundtrip_seconds,roundtrip_microseconds,message_bytes
1,3.00000011e-06,3,4
2,2.59999979e-06,2,4
3,2.90000025e-06,2,4
4,2.59999979e-06,2,4
5,2.49999994e-06,2,4
6,2.7000001e-06,2,4
7,2.59999979e-06,2,4
8,2.7000001e-06,2,4
9,2.49999994e-06,2,4
10,2.7000001e-06,2,4
11,2.7000001e-06,2,4
12,2.40000008e-06,2,4
13,2.60000024e-06,2,4
14,2.90000025e-06,2,4
15,2.69999964e-06,2,4
16,2.49999994e-06,2,4
17,3.09999996e-06,3,4
18,2.7000001e-06,2,4
19,2.59999979e-06,2,4
20,2.49999994e-06,2,4
21,2.7000001e-06,2,4
22,2.79999995e-06,2,4
23,2.8999998e-06,2,4
24,2.49999994e-06,2,4
25,2.40000008e-06,2,4
26,2.40000008e-06,2,4
27,2.7000001e-06,2,4
28,2.60000024e-06,2,4
29,2.40000008e-06,2,4
30,2.40000008e-06,2,4
31,2.8999998e-06,2,4
32,2.49999994e-06,2,4
33,2.79999995e-06,2,4
34,2.49999994e-06,2,4
35,3.00000011e-06,3,4
36,2.49999994e-06,2,4
37,2.39999963e-06,2,4
38,2.40000008e-06,2,4
39,2.49999994e-06,2,4
40,7.0000001e-06,7,4
41,2.63000002e-05,26,4
42,5.80000005e-06,5,4
43,9.00000032e-07,0,4
44,9.00000032e-07,0,4
45,8.0000018e-07,0,4
46,6.99999873e-07,0,4
47,6.00000021e-07,0,4
48,7.00000328e-07,0,4
49,7.99999725e-07,0,4
50,8.0000018e-07,0,4
51,7.99999725e-07,0,4
52,7.99999725e-07,0,4
53,6.99999873e-07,0,4
54,8.0000018e-07,0,4
55,8.0000018e-07,0,4
56,6.99999873e-07,0,4
57,8.0000018e-07,0,4
58,8.0000018e-07,0,4
59,9.00000032e-07,0,4
60,6.99999873e-07,0,4
61,6.99999873e-07,0,4
62,6.99999873e-07,0,4
63,8.0000018e-07,0,4
64,7.00000328e-07,0,4
65,6.99999873e-07,0,4
66,6.99999873e-07,0,4
67,8.0000018e-07,0,4
68,6.99999873e-07,0,4
69,7.00000328e-07,0,4
70,6.99999873e-07,0,4
71,8.0000018e-07,0,4
72,6.99999873e-07,0,4
73,6.00000021e-07,0,4
74,7.00000328e-07,0,4
75,7.99999725e-07,0,4
76,7.99999725e-07,0,4
77,8.0000018e-07,0,4
78,8.0000018e-07,0,4
79,6.99999873e-07,0,4
80,6.99999873e-07,0,4
81,8.0000018e-07,0,4
82,8.0000018e-07,0,4
83,6.99999873e-07,0,4
84,6.99999873e-07,0,4
85,7.00000328e-07,0,4
86,6.99999873e-07,0,4
87,9.00000032e-07,0,4
88,6.99999873e-07,0,4
89,7.00000328e-07,0,4
90,7.99999725e-07,0,4
91,7.00000328e-07,0,4
92,6.99999873e-07,0,4
93,8.0000018e-07,0,4
94,9.00000032e-07,0,4
95,6.99999873e-07,0,4
96,6.99999873e-07,0,4
97,6.99999873e-07,0,4
98,8.0000018e-07,0,4
99,6.99999873e-07,0,4
100,6.00000021e-07,0,4
101,6.99999873e-07,0,4
102,6.00000021e-07,0,4
103,7.99999725e-07,0,4
104,8.0000018e-07,0,4
105,7.00000328e-07,0,4
106,6.99999873e-07,0,4
107,7.99999725e-07,0,4
108,6.99999873e-07,0,4
109,6.99999873e-07,0,4
110,7.99999725e-07,0,4
111,7.00000328e-07,0,4
112,7.99999725e-07,0,4
113,7.00000328e-07,0,4
114,6.00000021e-07,0,4
115,7.00000328e-07,0,4
116,7.99999725e-07,0,4
117,6.99999873e-07,0,4
118,6.99999873e-07,0,4
119,8.0000018e-07,0,4
120,6.99999873e-07,0,4
121,9.00000032e-07,0,4
122,8.0000018e-07,0,4
123,6.99999873e-07,0,4
124,7.00000328e-07,0,4
125,9.00000032e-07,0,4
126,6.99999873e-07,0,4
127,6.99999873e-07,0,4
128,7.99999725e-07,0,4
129,6.99999873e-07,0,4
130,7.00000328e-07,0,4
131,7.99999725e-07,0,4
132,6.99999873e-07,0,4
133,6.99999873e-07,0,4
134,5.99999566e-07,0,4
135,7.99999725e-07,0,4
136,7.00000328e-07,0,4
137,6.00000021e-07,0,4
138,8.0000018e-07,0,4
139,6.99999873e-07,0,4
140,7.00000328e-07,0,4
141,7.99999725e-07,0,4
142,7.99999725e-07,0,4
143,7.00000328e-07,0,4
144,9.00000032e-07,0,4
145,6.99999873e-07,0,4
146,6.00000021e-07,0,4
147,8.0000018e-07,0,4
148,6.99999873e-07,0,4
149,7.00000328e-07,0,4
150,6.00000021e-07,0,4
151,8.0000018e-07,0,4
152,6.99999873e-07,0,4
153,6.99999873e-07,0,4
154,6.00000021e-07,0,4
155,8.0000018e-07,0,4
156,6.99999873e-07,0,4
157,8.0000018e-07,0,4
158,8.0000018e-07,0,4
159,6.99999873e-07,0,4
160,6.00000021e-07,0,4
161,7.99999725e-07,0,4
162,7.00000328e-07,0,4
163,6.99999873e-07,0,4
164,9.00000032e-07,0,4
165,7.00000328e-07,0,4
166,6.99999873e-07,0,4
167,6.99999873e-07,0,4
168,6.99999873e-07,0,4
169,8.0000018e-07,0,4
170,8.0000018e-07,0,4
171,6.99999873e-07,0,4
172,6.99999873e-07,0,4
173,8.0000018e-07,0,4
174,7.00000328e-07,0,4
175,6.99999873e-07,0,4
176,8.0000018e-07,0,4
177,6.99999873e-07,0,4
178,6.99999873e-07,0,4
179,7.00000328e-07,0,4
180,8.0000018e-07,0,4
181,6.99999873e-07,0,4
182,6.00000021e-07,0,4
183,7.99999725e-07,0,4
184,6.99999873e-07,0,4
185,6.00000021e-07,0,4
186,6.00000021e-07,0,4
187,8.0000018e-07,0,4
188,7.00000328e-07,0,4
189,7.99999725e-07,0,4
190,8.0000018e-07,0,4
191,6.99999873e-07,0,4
192,9.00000032e-07,0,4
193,7.00000328e-07,0,4
194,6.99999873e-07,0,4
195,9.00000032e-07,0,4
196,6.99999873e-07,0,4
197,7.00000328e-07,0,4
198,6.99999873e-07,0,4
199,8.0000018e-07,0,4
200,7.99999725e-07,0,4
